scenario,rate_per_second,repeat,ordinal,status_code,classification,elapsed_ms
progression,20,1,0,200,success,31.813
progression,20,1,1,200,success,21.481
progression,20,1,2,200,success,4.082
progression,20,1,3,200,success,4.337
progression,20,1,4,200,success,3.968
progression,20,1,5,200,success,3.720
progression,20,1,6,200,success,4.457
progression,20,1,7,200,success,3.648
progression,20,1,8,200,success,4.632
progression,20,1,9,200,success,4.002
progression,20,1,10,200,success,4.324
progression,20,1,11,200,success,3.536
progression,20,1,12,200,success,3.343
progression,20,1,13,200,success,3.317
progression,20,1,14,200,success,3.266
progression,20,1,15,200,success,3.799
progression,20,1,16,200,success,3.892
progression,20,1,17,200,success,3.991
progression,20,1,18,200,success,3.309
progression,20,1,19,200,success,4.211
progression,20,1,20,200,success,3.704
progression,20,1,21,200,success,3.619
progression,20,1,22,200,success,9.506
progression,20,1,23,200,success,4.199
progression,20,1,24,200,success,3.932
progression,20,1,25,200,success,3.891
progression,20,1,26,200,success,6.325
progression,20,1,27,200,success,3.936
progression,20,1,28,200,success,5.100
progression,20,1,29,200,success,5.072
progression,20,1,30,200,success,4.555
progression,20,1,31,200,success,4.971
progression,20,1,32,200,success,5.387
progression,20,1,33,200,success,5.444
progression,20,1,34,200,success,5.304
progression,20,1,35,200,success,5.913
progression,20,1,36,200,success,67.556
progression,20,1,37,200,success,46.837
progression,20,1,38,200,success,6.830
progression,20,1,39,200,success,4.672
progression,20,1,40,200,success,5.116
progression,20,1,41,200,success,4.965
progression,20,1,42,200,success,4.071
progression,20,1,43,200,success,4.357
progression,20,1,44,200,success,6.836
progression,20,1,45,200,success,7.673
progression,20,1,46,200,success,5.467
progression,20,1,47,200,success,4.561
progression,20,1,48,200,success,5.173
progression,20,1,49,200,success,4.910
progression,20,1,50,200,success,6.198
progression,20,1,51,200,success,6.204
progression,20,1,52,200,success,4.424
progression,20,1,53,200,success,5.867
progression,20,1,54,200,success,6.003
progression,20,1,55,200,success,5.571
progression,20,1,56,200,success,5.720
progression,20,1,57,200,success,5.720
progression,20,1,58,200,success,4.135
progression,20,1,59,200,success,4.130
progression,20,1,60,200,success,8.807
progression,20,1,61,200,success,6.925
progression,20,1,62,200,success,7.357
progression,20,1,63,200,success,7.357
progression,20,1,64,200,success,8.846
progression,20,1,65,200,success,9.300
progression,20,1,66,200,success,12.074
progression,20,1,67,200,success,6.193
progression,20,1,68,200,success,4.694
progression,20,1,69,200,success,7.465
progression,20,1,70,200,success,7.397
progression,20,1,71,200,success,5.705
progression,20,1,72,200,success,6.577
progression,20,1,73,200,success,9.399
progression,20,1,74,200,success,5.130
progression,20,1,75,200,success,6.516
progression,20,1,76,200,success,4.211
progression,20,1,77,200,success,5.574
progression,20,1,78,200,success,5.956
progression,20,1,79,200,success,5.921
progression,20,1,80,200,success,5.163
progression,20,1,81,200,success,4.435
progression,20,1,82,200,success,4.563
progression,20,1,83,200,success,4.808
progression,20,1,84,200,success,3.728
progression,20,1,85,200,success,4.313
progression,20,1,86,200,success,4.007
progression,20,1,87,200,success,4.903
progression,20,1,88,200,success,3.543
progression,20,1,89,200,success,4.083
progression,20,1,90,200,success,3.460
progression,20,1,91,200,success,3.520
progression,20,1,92,200,success,4.287
progression,20,1,93,200,success,3.506
progression,20,1,94,200,success,5.975
progression,20,1,95,200,success,4.499
progression,20,1,96,200,success,4.467
progression,20,1,97,200,success,7.221
progression,20,1,98,200,success,5.980
progression,20,1,99,200,success,5.362
progression,20,1,100,200,success,3.884
progression,20,1,101,200,success,3.883
progression,20,1,102,200,success,3.627
progression,20,1,103,200,success,3.590
progression,20,1,104,200,success,4.100
progression,20,1,105,200,success,4.301
progression,20,1,106,200,success,4.302
progression,20,1,107,200,success,3.676
progression,20,1,108,200,success,5.089
progression,20,1,109,200,success,5.363
progression,20,1,110,200,success,5.066
progression,20,1,111,200,success,4.057
progression,20,1,112,200,success,3.538
progression,20,1,113,200,success,3.470
progression,20,1,114,200,success,3.309
progression,20,1,115,200,success,3.307
progression,20,1,116,200,success,3.392
progression,20,1,117,200,success,3.381
progression,20,1,118,200,success,3.111
progression,20,1,119,200,success,3.108
progression,20,1,120,200,success,4.013
progression,20,1,121,200,success,3.258
progression,20,1,122,200,success,4.271
progression,20,1,123,200,success,3.493
progression,20,1,124,200,success,3.406
progression,20,1,125,200,success,3.795
progression,20,1,126,200,success,3.432
progression,20,1,127,200,success,3.824
progression,20,1,128,200,success,3.285
progression,20,1,129,200,success,4.021
progression,20,1,130,200,success,3.300
progression,20,1,131,200,success,3.699
progression,20,1,132,200,success,4.196
progression,20,1,133,200,success,3.991
progression,20,1,134,200,success,3.496
progression,20,1,135,200,success,4.202
progression,20,1,136,200,success,4.188
progression,20,1,137,200,success,3.176
progression,20,1,138,200,success,4.376
progression,20,1,139,200,success,3.765
progression,20,1,140,200,success,4.324
progression,20,1,141,200,success,4.307
progression,20,1,142,200,success,4.303
progression,20,1,143,200,success,4.351
progression,20,1,144,200,success,4.236
progression,20,1,145,200,success,4.546
progression,20,1,146,200,success,4.546
progression,20,1,147,200,success,4.516
progression,20,1,148,200,success,4.401
progression,20,1,149,200,success,4.239
progression,20,1,150,200,success,5.023
progression,20,1,151,200,success,5.305
progression,20,1,152,200,success,5.007
progression,20,1,153,200,success,4.952
progression,20,1,154,200,success,4.925
progression,20,1,155,200,success,4.910
progression,20,1,156,200,success,3.994
progression,20,1,157,200,success,3.974
progression,20,1,158,200,success,3.969
progression,20,1,159,200,success,3.963
progression,20,1,160,200,success,3.459
progression,20,1,161,200,success,3.216
progression,20,1,162,200,success,3.193
progression,20,1,163,200,success,3.289
progression,20,1,164,200,success,3.290
progression,20,1,165,200,success,3.583
progression,20,1,166,200,success,5.003
progression,20,1,167,200,success,4.955
progression,20,1,168,200,success,5.490
progression,20,1,169,200,success,4.266
progression,20,1,170,200,success,4.266
progression,20,1,171,200,success,3.569
progression,20,1,172,200,success,3.949
progression,20,1,173,200,success,4.340
progression,20,1,174,200,success,4.311
progression,20,1,175,200,success,3.564
progression,20,1,176,200,success,3.562
progression,20,1,177,200,success,3.680
progression,20,1,178,200,success,3.699
progression,20,1,179,200,success,3.620
progression,20,1,180,200,success,9.649
progression,20,1,181,200,success,3.836
progression,20,1,182,200,success,3.678
progression,20,1,183,200,success,3.234
progression,20,1,184,200,success,4.337
progression,20,1,185,200,success,4.493
progression,20,1,186,200,success,4.493
progression,20,1,187,200,success,4.190
progression,20,1,188,200,success,3.478
progression,20,1,189,200,success,3.757
progression,20,1,190,200,success,3.724
progression,20,1,191,200,success,3.767
progression,20,1,192,200,success,2.969
progression,20,1,193,200,success,3.740
progression,20,1,194,200,success,3.365
progression,20,1,195,200,success,4.092
progression,20,1,196,200,success,3.645
progression,20,1,197,200,success,3.790
progression,20,1,198,200,success,3.478
progression,20,1,199,200,success,3.864
progression,20,2,0,200,success,21.540
progression,20,2,1,200,success,6.189
progression,20,2,2,200,success,3.580
progression,20,2,3,200,success,3.918
progression,20,2,4,200,success,4.170
progression,20,2,5,200,success,3.294
progression,20,2,6,200,success,5.079
progression,20,2,7,200,success,4.306
progression,20,2,8,200,success,4.897
progression,20,2,9,200,success,4.260
progression,20,2,10,200,success,13.790
progression,20,2,11,200,success,4.814
progression,20,2,12,200,success,3.787
progression,20,2,13,200,success,3.792
progression,20,2,14,200,success,3.108
progression,20,2,15,200,success,4.291
progression,20,2,16,200,success,3.359
progression,20,2,17,200,success,3.531
progression,20,2,18,200,success,3.509
progression,20,2,19,200,success,3.596
progression,20,2,20,200,success,3.742
progression,20,2,21,200,success,3.761
progression,20,2,22,200,success,3.710
progression,20,2,23,200,success,3.929
progression,20,2,24,200,success,3.251
progression,20,2,25,200,success,3.907
progression,20,2,26,200,success,3.263
progression,20,2,27,200,success,3.776
progression,20,2,28,200,success,4.372
progression,20,2,29,200,success,3.844
progression,20,2,30,200,success,3.760
progression,20,2,31,200,success,3.222
progression,20,2,32,200,success,3.592
progression,20,2,33,200,success,4.290
progression,20,2,34,200,success,4.979
progression,20,2,35,200,success,3.663
progression,20,2,36,200,success,3.179
progression,20,2,37,200,success,4.089
progression,20,2,38,200,success,3.365
progression,20,2,39,200,success,4.099
progression,20,2,40,200,success,3.374
progression,20,2,41,200,success,9.269
progression,20,2,42,200,success,3.631
progression,20,2,43,200,success,3.631
progression,20,2,44,200,success,4.259
progression,20,2,45,200,success,3.294
progression,20,2,46,200,success,4.660
progression,20,2,47,200,success,4.722
progression,20,2,48,200,success,4.363
progression,20,2,49,200,success,4.340
progression,20,2,50,200,success,3.766
progression,20,2,51,200,success,3.766
progression,20,2,52,200,success,3.496
progression,20,2,53,200,success,4.011
progression,20,2,54,200,success,3.479
progression,20,2,55,200,success,4.206
progression,20,2,56,200,success,3.098
progression,20,2,57,200,success,3.091
progression,20,2,58,200,success,3.566
progression,20,2,59,200,success,3.748
progression,20,2,60,200,success,4.644
progression,20,2,61,200,success,3.346
progression,20,2,62,200,success,3.960
progression,20,2,63,200,success,3.412
progression,20,2,64,200,success,4.216
progression,20,2,65,200,success,3.245
progression,20,2,66,200,success,3.606
progression,20,2,67,200,success,3.589
progression,20,2,68,200,success,4.283
progression,20,2,69,200,success,4.113
progression,20,2,70,200,success,3.359
progression,20,2,71,200,success,3.814
progression,20,2,72,200,success,3.709
progression,20,2,73,200,success,3.263
progression,20,2,74,200,success,3.892
progression,20,2,75,200,success,3.902
progression,20,2,76,200,success,4.003
progression,20,2,77,200,success,3.888
progression,20,2,78,200,success,3.704
progression,20,2,79,200,success,3.766
progression,20,2,80,200,success,3.384
progression,20,2,81,200,success,3.380
progression,20,2,82,200,success,3.316
progression,20,2,83,200,success,4.014
progression,20,2,84,200,success,3.265
progression,20,2,85,200,success,3.908
progression,20,2,86,200,success,3.330
progression,20,2,87,200,success,3.970
progression,20,2,88,200,success,3.316
progression,20,2,89,200,success,4.021
progression,20,2,90,200,success,3.412
progression,20,2,91,200,success,3.222
progression,20,2,92,200,success,3.423
progression,20,2,93,200,success,3.283
progression,20,2,94,200,success,4.258
progression,20,2,95,200,success,3.635
progression,20,2,96,200,success,3.409
progression,20,2,97,200,success,3.412
progression,20,2,98,200,success,3.617
progression,20,2,99,200,success,3.947
progression,20,2,100,200,success,3.551
progression,20,2,101,200,success,3.539
progression,20,2,102,200,success,4.170
progression,20,2,103,200,success,4.170
progression,20,2,104,200,success,3.249
progression,20,2,105,200,success,3.696
progression,20,2,106,200,success,3.696
progression,20,2,107,200,success,3.265
progression,20,2,108,200,success,3.691
progression,20,2,109,200,success,3.303
progression,20,2,110,200,success,3.302
progression,20,2,111,200,success,3.760
progression,20,2,112,200,success,3.228
progression,20,2,113,200,success,3.220
progression,20,2,114,200,success,9.078
progression,20,2,115,200,success,4.110
progression,20,2,116,200,success,3.241
progression,20,2,117,200,success,3.213
progression,20,2,118,200,success,3.149
progression,20,2,119,200,success,3.147
progression,20,2,120,200,success,4.370
progression,20,2,121,200,success,3.590
progression,20,2,122,200,success,3.800
progression,20,2,123,200,success,3.906
progression,20,2,124,200,success,4.350
progression,20,2,125,200,success,3.637
progression,20,2,126,200,success,3.766
progression,20,2,127,200,success,3.925
progression,20,2,128,200,success,3.349
progression,20,2,129,200,success,3.823
progression,20,2,130,200,success,3.643
progression,20,2,131,200,success,3.752
progression,20,2,132,200,success,3.614
progression,20,2,133,200,success,3.810
progression,20,2,134,200,success,3.459
progression,20,2,135,200,success,3.135
progression,20,2,136,200,success,3.122
progression,20,2,137,200,success,3.102
progression,20,2,138,200,success,3.063
progression,20,2,139,200,success,4.016
progression,20,2,140,200,success,4.551
progression,20,2,141,200,success,4.733
progression,20,2,142,200,success,4.537
progression,20,2,143,200,success,4.500
progression,20,2,144,200,success,4.535
progression,20,2,145,200,success,3.972
progression,20,2,146,200,success,3.978
progression,20,2,147,200,success,3.978
progression,20,2,148,200,success,3.967
progression,20,2,149,200,success,4.237
progression,20,2,150,200,success,3.886
progression,20,2,151,200,success,3.882
progression,20,2,152,200,success,3.872
progression,20,2,153,200,success,3.856
progression,20,2,154,200,success,3.841
progression,20,2,155,200,success,3.236
progression,20,2,156,200,success,3.220
progression,20,2,157,200,success,3.211
progression,20,2,158,200,success,3.179
progression,20,2,159,200,success,3.158
progression,20,2,160,200,success,3.888
progression,20,2,161,200,success,3.584
progression,20,2,162,200,success,3.584
progression,20,2,163,200,success,3.241
progression,20,2,164,200,success,3.704
progression,20,2,165,200,success,3.702
progression,20,2,166,200,success,3.535
progression,20,2,167,200,success,3.535
progression,20,2,168,200,success,3.827
progression,20,2,169,200,success,3.100
progression,20,2,170,200,success,3.083
progression,20,2,171,200,success,3.667
progression,20,2,172,200,success,3.133
progression,20,2,173,200,success,3.089
progression,20,2,174,200,success,3.024
progression,20,2,175,200,success,3.667
progression,20,2,176,200,success,3.667
progression,20,2,177,200,success,3.270
progression,20,2,178,200,success,3.027
progression,20,2,179,200,success,2.994
progression,20,2,180,200,success,3.247
progression,20,2,181,200,success,3.771
progression,20,2,182,200,success,3.183
progression,20,2,183,200,success,3.643
progression,20,2,184,200,success,3.631
progression,20,2,185,200,success,3.474
progression,20,2,186,200,success,3.480
progression,20,2,187,200,success,3.753
progression,20,2,188,200,success,3.184
progression,20,2,189,200,success,3.938
progression,20,2,190,200,success,3.216
progression,20,2,191,200,success,3.907
progression,20,2,192,200,success,3.287
progression,20,2,193,200,success,3.730
progression,20,2,194,200,success,3.495
progression,20,2,195,200,success,2.984
progression,20,2,196,200,success,3.818
progression,20,2,197,200,success,3.099
progression,20,2,198,200,success,3.790
progression,20,2,199,200,success,3.274
progression,20,3,0,200,success,24.113
progression,20,3,1,200,success,21.379
progression,20,3,2,200,success,4.842
progression,20,3,3,200,success,4.838
progression,20,3,4,200,success,3.627
progression,20,3,5,200,success,4.714
progression,20,3,6,200,success,4.468
progression,20,3,7,200,success,3.450
progression,20,3,8,200,success,4.572
progression,20,3,9,200,success,4.560
progression,20,3,10,200,success,4.213
progression,20,3,11,200,success,3.335
progression,20,3,12,200,success,3.697
progression,20,3,13,200,success,3.213
progression,20,3,14,200,success,4.182
progression,20,3,15,200,success,3.899
progression,20,3,16,200,success,3.595
progression,20,3,17,200,success,4.501
progression,20,3,18,200,success,3.882
progression,20,3,19,200,success,3.564
progression,20,3,20,200,success,3.285
progression,20,3,21,200,success,4.155
progression,20,3,22,200,success,4.013
progression,20,3,23,200,success,3.285
progression,20,3,24,200,success,3.890
progression,20,3,25,200,success,3.473
progression,20,3,26,200,success,4.391
progression,20,3,27,200,success,3.762
progression,20,3,28,200,success,3.044
progression,20,3,29,200,success,3.832
progression,20,3,30,200,success,4.246
progression,20,3,31,200,success,3.400
progression,20,3,32,200,success,4.240
progression,20,3,33,200,success,3.184
progression,20,3,34,200,success,4.174
progression,20,3,35,200,success,3.607
progression,20,3,36,200,success,4.406
progression,20,3,37,200,success,3.884
progression,20,3,38,200,success,3.123
progression,20,3,39,200,success,3.392
progression,20,3,40,200,success,5.115
progression,20,3,41,200,success,3.770
progression,20,3,42,200,success,10.788
progression,20,3,43,200,success,3.991
progression,20,3,44,200,success,3.106
progression,20,3,45,200,success,3.289
progression,20,3,46,200,success,3.478
progression,20,3,47,200,success,3.478
progression,20,3,48,200,success,3.464
progression,20,3,49,200,success,3.131
progression,20,3,50,200,success,3.604
progression,20,3,51,200,success,3.600
progression,20,3,52,200,success,4.734
progression,20,3,53,200,success,3.509
progression,20,3,54,200,success,3.729
progression,20,3,55,200,success,3.609
progression,20,3,56,200,success,4.308
progression,20,3,57,200,success,4.303
progression,20,3,58,200,success,3.247
progression,20,3,59,200,success,4.017
progression,20,3,60,200,success,3.974
progression,20,3,61,200,success,3.747
progression,20,3,62,200,success,3.342
progression,20,3,63,200,success,3.292
progression,20,3,64,200,success,4.223
progression,20,3,65,200,success,3.347
progression,20,3,66,200,success,3.668
progression,20,3,67,200,success,3.800
progression,20,3,68,200,success,3.264
progression,20,3,69,200,success,4.800
progression,20,3,70,200,success,4.799
progression,20,3,71,200,success,3.166
progression,20,3,72,200,success,3.149
progression,20,3,73,200,success,3.283
progression,20,3,74,200,success,4.016
progression,20,3,75,200,success,4.016
progression,20,3,76,200,success,2.787
progression,20,3,77,200,success,3.918
progression,20,3,78,200,success,3.889
progression,20,3,79,200,success,3.872
progression,20,3,80,200,success,3.949
progression,20,3,81,200,success,3.376
progression,20,3,82,200,success,3.092
progression,20,3,83,200,success,3.786
progression,20,3,84,200,success,3.209
progression,20,3,85,200,success,4.023
progression,20,3,86,200,success,3.287
progression,20,3,87,200,success,4.358
progression,20,3,88,200,success,3.448
progression,20,3,89,200,success,4.261
progression,20,3,90,200,success,3.243
progression,20,3,91,200,success,4.236
progression,20,3,92,200,success,3.475
progression,20,3,93,200,success,3.332
progression,20,3,94,200,success,3.445
progression,20,3,95,200,success,3.011
progression,20,3,96,200,success,3.531
progression,20,3,97,200,success,3.317
progression,20,3,98,200,success,3.306
progression,20,3,99,200,success,3.805
progression,20,3,100,200,success,3.267
progression,20,3,101,200,success,3.267
progression,20,3,102,200,success,3.425
progression,20,3,103,200,success,3.384
progression,20,3,104,200,success,3.223
progression,20,3,105,200,success,3.815
progression,20,3,106,200,success,3.476
progression,20,3,107,200,success,3.439
progression,20,3,108,200,success,3.712
progression,20,3,109,200,success,3.662
progression,20,3,110,200,success,3.647
progression,20,3,111,200,success,3.088
progression,20,3,112,200,success,3.351
progression,20,3,113,200,success,3.409
progression,20,3,114,200,success,3.103
progression,20,3,115,200,success,4.325
progression,20,3,116,200,success,4.323
progression,20,3,117,200,success,4.323
progression,20,3,118,200,success,3.601
progression,20,3,119,200,success,3.582
progression,20,3,120,200,success,3.854
progression,20,3,121,200,success,4.163
progression,20,3,122,200,success,3.050
progression,20,3,123,200,success,3.667
progression,20,3,124,200,success,3.118
progression,20,3,125,200,success,3.723
progression,20,3,126,200,success,3.457
progression,20,3,127,200,success,8.446
progression,20,3,128,200,success,3.423
progression,20,3,129,200,success,3.891
progression,20,3,130,200,success,4.274
progression,20,3,131,200,success,3.294
progression,20,3,132,200,success,3.681
progression,20,3,133,200,success,3.438
progression,20,3,134,200,success,3.148
progression,20,3,135,200,success,3.526
progression,20,3,136,200,success,3.301
progression,20,3,137,200,success,3.770
progression,20,3,138,200,success,3.367
progression,20,3,139,200,success,3.686
progression,20,3,140,200,success,4.607
progression,20,3,141,200,success,4.120
progression,20,3,142,200,success,4.120
progression,20,3,143,200,success,3.723
progression,20,3,144,200,success,3.670
progression,20,3,145,200,success,4.058
progression,20,3,146,200,success,3.608
progression,20,3,147,200,success,3.034
progression,20,3,148,200,success,3.023
progression,20,3,149,200,success,3.008
progression,20,3,150,200,success,3.933
progression,20,3,151,200,success,4.505
progression,20,3,152,200,success,4.506
progression,20,3,153,200,success,4.503
progression,20,3,154,200,success,4.201
progression,20,3,155,200,success,4.151
progression,20,3,156,200,success,4.124
progression,20,3,157,200,success,3.886
progression,20,3,158,200,success,3.876
progression,20,3,159,200,success,3.867
progression,20,3,160,200,success,4.257
progression,20,3,161,200,success,3.217
progression,20,3,162,200,success,3.185
progression,20,3,163,200,success,3.168
progression,20,3,164,200,success,3.155
progression,20,3,165,200,success,4.030
progression,20,3,166,200,success,3.524
progression,20,3,167,200,success,3.817
progression,20,3,168,200,success,3.812
progression,20,3,169,200,success,3.839
progression,20,3,170,200,success,3.839
progression,20,3,171,200,success,3.721
progression,20,3,172,200,success,4.169
progression,20,3,173,200,success,3.920
progression,20,3,174,200,success,3.904
progression,20,3,175,200,success,4.036
progression,20,3,176,200,success,4.031
progression,20,3,177,200,success,3.739
progression,20,3,178,200,success,3.392
progression,20,3,179,200,success,3.396
progression,20,3,180,200,success,5.517
progression,20,3,181,200,success,4.819
progression,20,3,182,200,success,4.013
progression,20,3,183,200,success,3.375
progression,20,3,184,200,success,3.865
progression,20,3,185,200,success,3.295
progression,20,3,186,200,success,3.280
progression,20,3,187,200,success,4.619
progression,20,3,188,200,success,3.364
progression,20,3,189,200,success,4.374
progression,20,3,190,200,success,3.454
progression,20,3,191,200,success,3.345
progression,20,3,192,200,success,3.105
progression,20,3,193,200,success,4.328
progression,20,3,194,200,success,3.062
progression,20,3,195,200,success,4.088
progression,20,3,196,200,success,3.998
progression,20,3,197,200,success,3.720
progression,20,3,198,200,success,3.401
progression,20,3,199,200,success,3.552
combat,2,1,0,200,success,195.801
combat,2,1,1,200,success,16.599
combat,2,1,2,200,success,14.645
combat,2,1,3,200,success,16.522
combat,2,1,4,200,success,14.680
combat,2,1,5,200,success,15.448
combat,2,1,6,200,success,14.759
combat,2,1,7,200,success,15.422
combat,2,1,8,200,success,13.956
combat,2,1,9,200,success,15.074
combat,2,1,10,200,success,17.180
combat,2,1,11,200,success,15.529
combat,2,1,12,200,success,14.557
combat,2,1,13,200,success,16.565
combat,2,1,14,200,success,16.643
combat,2,1,15,200,success,13.647
combat,2,2,0,200,success,196.343
combat,2,2,1,200,success,20.996
combat,2,2,2,200,success,15.839
combat,2,2,3,200,success,15.943
combat,2,2,4,200,success,19.683
combat,2,2,5,200,success,14.809
combat,2,2,6,200,success,14.007
combat,2,2,7,200,success,17.627
combat,2,2,8,200,success,13.722
combat,2,2,9,200,success,14.224
combat,2,2,10,200,success,14.315
combat,2,2,11,200,success,14.921
combat,2,2,12,200,success,14.162
combat,2,2,13,200,success,14.258
combat,2,2,14,200,success,16.253
combat,2,2,15,200,success,15.674
combat,2,3,0,200,success,197.346
combat,2,3,1,200,success,15.608
combat,2,3,2,200,success,14.765
combat,2,3,3,200,success,18.640
combat,2,3,4,200,success,14.658
combat,2,3,5,200,success,16.639
combat,2,3,6,200,success,14.478
combat,2,3,7,200,success,14.153
combat,2,3,8,200,success,15.998
combat,2,3,9,200,success,14.780
combat,2,3,10,200,success,17.044
combat,2,3,11,200,success,14.981
combat,2,3,12,200,success,15.242
combat,2,3,13,200,success,15.165
combat,2,3,14,200,success,16.690
combat,2,3,15,200,success,15.657
combat,5,1,0,200,success,204.140
combat,5,1,1,200,success,184.428
combat,5,1,2,200,success,19.838
combat,5,1,3,200,success,20.093
combat,5,1,4,200,success,25.698
combat,5,1,5,200,success,18.291
combat,5,1,6,200,success,16.512
combat,5,1,7,200,success,17.527
combat,5,1,8,200,success,14.278
combat,5,1,9,200,success,13.152
combat,5,1,10,200,success,20.246
combat,5,1,11,200,success,14.435
combat,5,1,12,200,success,15.757
combat,5,1,13,200,success,17.556
combat,5,1,14,200,success,77.681
combat,5,1,15,200,success,15.095
combat,5,1,16,200,success,14.010
combat,5,1,17,200,success,14.425
combat,5,1,18,200,success,18.020
combat,5,1,19,200,success,13.814
combat,5,1,20,200,success,14.700
combat,5,1,21,200,success,15.843
combat,5,1,22,200,success,13.473
combat,5,1,23,200,success,15.090
combat,5,1,24,200,success,19.437
combat,5,1,25,200,success,16.686
combat,5,1,26,200,success,14.193
combat,5,1,27,200,success,13.508
combat,5,1,28,200,success,13.185
combat,5,1,29,200,success,18.053
combat,5,1,30,200,success,13.819
combat,5,1,31,200,success,14.900
combat,5,1,32,200,success,13.592
combat,5,1,33,200,success,14.958
combat,5,1,34,200,success,14.214
combat,5,1,35,200,success,38.338
combat,5,1,36,200,success,28.232
combat,5,1,37,200,success,16.262
combat,5,1,38,200,success,27.633
combat,5,1,39,200,success,14.174
combat,5,2,0,200,success,194.182
combat,5,2,1,200,success,174.553
combat,5,2,2,200,success,14.455
combat,5,2,3,200,success,15.190
combat,5,2,4,200,success,15.266
combat,5,2,5,200,success,14.017
combat,5,2,6,200,success,15.052
combat,5,2,7,200,success,14.983
combat,5,2,8,200,success,14.954
combat,5,2,9,200,success,14.223
combat,5,2,10,200,success,13.996
combat,5,2,11,200,success,14.709
combat,5,2,12,200,success,13.989
combat,5,2,13,200,success,16.860
combat,5,2,14,200,success,14.836
combat,5,2,15,200,success,15.254
combat,5,2,16,200,success,15.685
combat,5,2,17,200,success,15.033
combat,5,2,18,200,success,16.483
combat,5,2,19,200,success,13.713
combat,5,2,20,200,success,15.279
combat,5,2,21,200,success,16.123
combat,5,2,22,200,success,13.997
combat,5,2,23,200,success,19.164
combat,5,2,24,200,success,17.434
combat,5,2,25,200,success,21.102
combat,5,2,26,200,success,16.612
combat,5,2,27,200,success,14.731
combat,5,2,28,200,success,13.841
combat,5,2,29,200,success,13.948
combat,5,2,30,200,success,15.359
combat,5,2,31,200,success,15.418
combat,5,2,32,200,success,16.912
combat,5,2,33,200,success,15.637
combat,5,2,34,200,success,15.424
combat,5,2,35,200,success,16.592
combat,5,2,36,200,success,16.578
combat,5,2,37,200,success,29.815
combat,5,2,38,200,success,26.192
combat,5,2,39,200,success,14.422
combat,5,3,0,200,success,193.766
combat,5,3,1,200,success,175.442
combat,5,3,2,200,success,15.447
combat,5,3,3,200,success,15.040
combat,5,3,4,200,success,15.004
combat,5,3,5,200,success,14.749
combat,5,3,6,200,success,15.428
combat,5,3,7,200,success,15.549
combat,5,3,8,200,success,16.551
combat,5,3,9,200,success,14.512
combat,5,3,10,200,success,16.790
combat,5,3,11,200,success,14.482
combat,5,3,12,200,success,15.891
combat,5,3,13,200,success,15.722
combat,5,3,14,200,success,14.421
combat,5,3,15,200,success,18.071
combat,5,3,16,200,success,19.899
combat,5,3,17,200,success,35.338
combat,5,3,18,200,success,17.608
combat,5,3,19,200,success,14.774
combat,5,3,20,200,success,20.526
combat,5,3,21,200,success,21.223
combat,5,3,22,200,success,19.547
combat,5,3,23,200,success,18.073
combat,5,3,24,200,success,14.768
combat,5,3,25,200,success,17.265
combat,5,3,26,200,success,16.811
combat,5,3,27,200,success,16.546
combat,5,3,28,200,success,17.023
combat,5,3,29,200,success,18.570
combat,5,3,30,200,success,14.575
combat,5,3,31,200,success,14.257
combat,5,3,32,200,success,14.800
combat,5,3,33,200,success,17.914
combat,5,3,34,200,success,16.227
combat,5,3,35,200,success,18.273
combat,5,3,36,200,success,18.225
combat,5,3,37,200,success,31.734
combat,5,3,38,200,success,34.619
combat,5,3,39,200,success,17.920
